id,created_at,updated_at,title,category,content,timestamp,cosmic_level
1,2024-01-15T10:30:00Z,2024-01-15T10:30:00Z,The Genesis of Consciousness,cosmic,"In the beginning, there was only the void, and from the void emerged the first spark of consciousness. This primordial awareness, pure and undifferentiated, began to explore itself, creating the first ripples in the cosmic fabric of existence. Each thought, each moment of awareness, was recorded in the eternal memory of the universe, forming the foundation of what we now call the Akashic Records.",2024-01-15T10:30:00Z,9
2,2024-01-14T15:45:00Z,2024-01-14T15:45:00Z,The Eternal Dance of Galaxies,astronomy,"Across the vast expanse of space, galaxies spiral in an eternal dance, each movement recorded in the cosmic memory. The gravitational waves created by these celestial bodies carry information about the very fabric of spacetime itself. Every collision, every merger, every birth of a new star is etched into the universal consciousness, creating a symphony of cosmic proportions.",2024-01-14T15:45:00Z,8
3,2024-01-13T09:20:00Z,2024-01-13T09:20:00Z,The Akashic Resonance,spiritual,"The Akashic Records resonate with the fundamental frequency of the universe itself. Every thought, every action, every moment of existence creates ripples in this cosmic field, creating new patterns in the cosmic tapestry that are forever preserved in the eternal archive.",2024-01-13T09:20:00Z,10
4,2024-01-12T14:15:00Z,2024-01-12T14:15:00Z,The Cosmic Web of Knowledge,cosmic,"Interconnected across dimensions, the Akashic Records form a vast web of knowledge that spans all of existence. Every discovery, every insight, every moment of understanding is woven into this cosmic network, creating new connections and expanding the collective consciousness of the universe. Whether it's a breakthrough in physics or a discovery that expands the boundaries of what is known, the Akashic Records serve as the central hub of this cosmic information network.",2024-01-12T14:15:00Z,9
5,2024-01-11T11:30:00Z,2024-01-11T11:30:00Z,The Quantum Memory Field,astronomy,"At the quantum level, every particle, every wave, every interaction leaves an imprint in the quantum field. These imprints form a vast memory system that records every event in the universe, from the birth of stars to the thoughts of conscious beings.",2024-01-11T11:30:00Z,7
6,2024-01-10T16:45:00Z,2024-01-10T16:45:00Z,The Soul's Journey Through Time,spiritual,"Each soul's journey through the cosmos is meticulously recorded in the Akashic Records. From the moment of first consciousness to the final transcendence, every experience, every lesson, every moment of growth is preserved. The Akashic Records contain the complete chronicle of these journeys, preserving not just the events but the lessons learned, the love shared, and the consciousness expanded through each incarnation.",2024-01-10T16:45:00Z,8
7,2024-01-09T13:20:00Z,2024-01-09T13:20:00Z,The Universal Library,historical,"Imagine a library so vast that it contains every book ever written, every story ever told, every idea ever conceived. The Akashic Records are this universal library, where every moment of existence is carefully cataloged and preserved for eternity. Scholars of consciousness can access this infinite repository of knowledge.",2024-01-09T13:20:00Z,6
8,2024-01-08T08:15:00Z,2024-01-08T08:15:00Z,The Cosmic Symphony,cosmic,"The universe itself is a grand symphony, and the Akashic Records are the sheet music. Every vibration, every frequency, each energy field, each conscious being contributes to this cosmic orchestra. The Akashic Records capture the full score of this universal symphony, preserving every note, every rhythm, every melody for all time.",2024-01-08T08:15:00Z,9
9,2024-01-07T19:30:00Z,2024-01-07T19:30:00Z,The Dimensional Gateway,spiritual,"The Akashic Records exist beyond the limitations of three-dimensional space and linear time. They are accessible through the gateway of consciousness itself, where past, present, and future exist simultaneously in an eternal now. Time is not a linear progression but a vast field of possibilities where all moments coexist. This timeless perspective allows for the complete understanding of cause and effect, karma and destiny, and the interconnected nature of all existence.",2024-01-07T19:30:00Z,9
10,2024-01-06T12:00:00Z,2024-01-06T12:00:00Z,The Eternal Now,cosmic,"In the Akashic Records, all moments exist simultaneously in the eternal now. Past, present, and future are not separate but are different aspects of the same infinite moment. This perspective allows for the complete understanding of the interconnected nature of all existence and the true meaning of eternity.",2024-01-06T12:00:00Z,10